2026-07-07T16:11:21.614891+00:00,carbon_intensity,ok,1.3,
2026-07-07T16:11:22.131974+00:00,neso,ok,0.5,
2026-07-07T16:11:22.480082+00:00,elexon,ok,0.3,
2026-07-07T16:30:02.757851+00:00,carbon_intensity,ok,2.7,
2026-07-07T16:30:03.314433+00:00,neso,ok,0.6,
2026-07-07T16:30:03.649882+00:00,elexon,ok,0.3,
2026-07-07T17:00:01.393484+00:00,carbon_intensity,ok,1.4,
2026-07-07T17:00:02.332042+00:00,neso,ok,0.9,
2026-07-07T17:00:03.246292+00:00,elexon,ok,0.9,
2026-07-07T17:30:01.180815+00:00,carbon_intensity,ok,1.2,
2026-07-07T17:30:05.486199+00:00,neso,ok,4.3,
2026-07-07T17:30:05.930679+00:00,elexon,ok,0.4,
2026-07-07T18:00:01.448440+00:00,carbon_intensity,ok,1.4,
2026-07-07T18:00:31.817029+00:00,neso,error,30.4,ReadTimeout(ReadTimeoutError("HTTPSConnectionPool(host='api.neso.energy', port=443): Read timed out. (read timeout=30)"))
2026-07-07T18:00:32.806733+00:00,elexon,ok,1.0,
2026-07-07T18:30:01.599733+00:00,carbon_intensity,ok,1.5,
2026-07-07T18:30:02.781987+00:00,neso,ok,1.2,
2026-07-07T18:30:03.439992+00:00,elexon,ok,0.7,
2026-07-07T19:00:01.288519+00:00,carbon_intensity,ok,1.2,
2026-07-07T19:00:01.978605+00:00,neso,ok,0.7,
2026-07-07T19:00:02.262556+00:00,elexon,ok,0.3,
2026-07-07T22:07:19.075750+00:00,carbon_intensity,ok,1.2,
2026-07-07T22:07:19.732183+00:00,neso,ok,0.7,
2026-07-07T22:07:20.061058+00:00,elexon,ok,0.3,
2026-07-07T22:30:01.853168+00:00,carbon_intensity,ok,1.9,
2026-07-07T22:30:02.920825+00:00,neso,ok,1.1,
2026-07-07T22:30:03.275581+00:00,elexon,ok,0.4,
2026-07-07T23:00:01.782253+00:00,carbon_intensity,ok,1.6,
2026-07-07T23:00:02.882652+00:00,neso,ok,1.1,
2026-07-07T23:00:04.187739+00:00,elexon,ok,1.3,
2026-07-07T23:30:01.444786+00:00,carbon_intensity,ok,1.4,
2026-07-07T23:30:02.305810+00:00,neso,ok,0.9,
2026-07-07T23:30:03.226803+00:00,elexon,ok,0.9,
2026-07-08T00:00:01.042326+00:00,carbon_intensity,ok,1.0,
2026-07-08T00:00:01.602714+00:00,neso,ok,0.6,
2026-07-08T00:00:01.913559+00:00,elexon,ok,0.3,
2026-07-08T00:30:01.244013+00:00,carbon_intensity,ok,1.2,
2026-07-08T00:30:01.896814+00:00,neso,ok,0.6,
2026-07-08T00:30:02.190247+00:00,elexon,ok,0.3,
2026-07-08T01:00:01.047193+00:00,carbon_intensity,ok,1.0,
2026-07-08T01:00:01.707916+00:00,neso,ok,0.7,
2026-07-08T01:00:02.077592+00:00,elexon,ok,0.4,
2026-07-08T01:30:01.411737+00:00,carbon_intensity,ok,1.4,
2026-07-08T01:30:02.671112+00:00,neso,ok,1.3,
2026-07-08T01:30:03.371669+00:00,elexon,ok,0.7,
2026-07-08T02:00:01.139730+00:00,carbon_intensity,ok,1.1,
2026-07-08T02:00:01.623653+00:00,neso,ok,0.5,
2026-07-08T02:00:01.973764+00:00,elexon,ok,0.3,
2026-07-08T02:30:00.995960+00:00,carbon_intensity,ok,1.0,
2026-07-08T02:30:01.605643+00:00,neso,ok,0.6,
2026-07-08T02:30:02.602732+00:00,elexon,ok,1.0,
2026-07-08T03:00:00.948307+00:00,carbon_intensity,ok,0.9,
2026-07-08T03:00:01.505975+00:00,neso,ok,0.6,
2026-07-08T03:00:01.855016+00:00,elexon,ok,0.3,
2026-07-08T03:30:01.155150+00:00,carbon_intensity,ok,1.1,
2026-07-08T03:30:01.625595+00:00,neso,ok,0.5,
2026-07-08T03:30:01.945520+00:00,elexon,ok,0.3,
2026-07-08T04:00:01.011746+00:00,carbon_intensity,ok,1.0,
2026-07-08T04:00:01.588404+00:00,neso,ok,0.6,
2026-07-08T04:00:02.015674+00:00,elexon,ok,0.4,
2026-07-08T04:30:01.104553+00:00,carbon_intensity,ok,1.1,
2026-07-08T04:30:01.577376+00:00,neso,ok,0.5,
2026-07-08T04:30:01.883340+00:00,elexon,ok,0.3,
2026-07-08T05:00:00.982381+00:00,carbon_intensity,ok,1.0,
2026-07-08T05:00:01.512616+00:00,neso,ok,0.5,
2026-07-08T05:00:01.958457+00:00,elexon,ok,0.4,
2026-07-08T05:30:01.026846+00:00,carbon_intensity,ok,1.0,
2026-07-08T05:30:01.826330+00:00,neso,ok,0.8,
2026-07-08T05:30:02.161323+00:00,elexon,ok,0.3,
2026-07-08T06:00:00.969355+00:00,carbon_intensity,ok,0.9,
2026-07-08T06:00:01.499652+00:00,neso,ok,0.5,
2026-07-08T06:00:01.847191+00:00,elexon,ok,0.3,
2026-07-08T06:30:01.659147+00:00,carbon_intensity,ok,1.6,
2026-07-08T06:30:02.780637+00:00,neso,ok,1.1,
2026-07-08T06:30:03.462299+00:00,elexon,ok,0.7,
2026-07-08T07:00:01.019654+00:00,carbon_intensity,ok,1.0,
2026-07-08T07:00:01.622713+00:00,neso,ok,0.6,
2026-07-08T07:00:02.009245+00:00,elexon,ok,0.4,
2026-07-08T07:30:01.086400+00:00,carbon_intensity,ok,1.1,
2026-07-08T07:30:01.573643+00:00,neso,ok,0.5,
2026-07-08T07:30:02.311763+00:00,elexon,ok,0.7,
2026-07-08T08:00:01.963167+00:00,carbon_intensity,ok,1.9,
2026-07-08T08:00:02.784713+00:00,neso,ok,0.8,
2026-07-08T08:00:03.200959+00:00,elexon,ok,0.4,
2026-07-08T08:30:01.181514+00:00,carbon_intensity,ok,1.1,
2026-07-08T08:30:01.733375+00:00,neso,ok,0.5,
2026-07-08T08:30:02.054013+00:00,elexon,ok,0.3,
2026-07-08T09:00:01.127537+00:00,carbon_intensity,ok,1.1,
2026-07-08T09:00:01.765514+00:00,neso,ok,0.6,
2026-07-08T09:00:02.180390+00:00,elexon,ok,0.4,
2026-07-08T09:30:01.120093+00:00,carbon_intensity,ok,1.1,
2026-07-08T09:30:01.717169+00:00,neso,ok,0.6,
2026-07-08T09:30:02.108868+00:00,elexon,ok,0.4,
2026-07-08T10:05:41.791772+00:00,carbon_intensity,ok,1.1,
2026-07-08T10:05:42.426602+00:00,neso,ok,0.6,
2026-07-08T10:05:42.759843+00:00,elexon,ok,0.3,
2026-07-08T10:30:53.115692+00:00,carbon_intensity,ok,1.5,
2026-07-08T10:30:53.583560+00:00,neso,ok,0.5,
2026-07-08T10:30:53.898320+00:00,elexon,ok,0.3,
2026-07-08T11:00:01.631679+00:00,carbon_intensity,ok,1.6,
2026-07-08T11:00:02.664663+00:00,neso,ok,1.0,
2026-07-08T11:00:03.560757+00:00,elexon,ok,0.9,
2026-07-08T11:30:01.109287+00:00,carbon_intensity,ok,1.1,
2026-07-08T11:30:01.771092+00:00,neso,ok,0.7,
2026-07-08T11:30:02.180875+00:00,elexon,ok,0.4,
2026-07-08T12:00:01.225663+00:00,carbon_intensity,ok,1.2,
2026-07-08T12:00:01.982073+00:00,neso,ok,0.8,
2026-07-08T12:00:02.298999+00:00,elexon,ok,0.3,
2026-07-08T12:30:01.427811+00:00,carbon_intensity,ok,1.4,
2026-07-08T12:30:02.504638+00:00,neso,ok,1.1,
2026-07-08T12:30:03.301222+00:00,elexon,ok,0.8,
2026-07-08T13:00:01.239755+00:00,carbon_intensity,ok,1.2,
2026-07-08T13:00:02.426156+00:00,neso,ok,1.2,
2026-07-08T13:00:02.878963+00:00,elexon,ok,0.5,
2026-07-08T13:30:01.127768+00:00,carbon_intensity,ok,1.1,
2026-07-08T13:30:01.680912+00:00,neso,ok,0.5,
2026-07-08T13:30:02.661210+00:00,elexon,ok,1.0,
2026-07-08T14:00:01.123584+00:00,carbon_intensity,ok,1.1,
2026-07-08T14:00:01.707092+00:00,neso,ok,0.6,
2026-07-08T14:00:02.633491+00:00,elexon,ok,0.9,
2026-07-08T14:30:01.764498+00:00,carbon_intensity,ok,1.7,
2026-07-08T14:30:04.161046+00:00,neso,ok,2.4,
2026-07-08T14:30:04.553335+00:00,elexon,ok,0.4,
2026-07-08T15:00:01.170652+00:00,carbon_intensity,ok,1.1,
2026-07-08T15:00:02.552291+00:00,neso,ok,1.4,
2026-07-08T15:00:02.870397+00:00,elexon,ok,0.3,
2026-07-08T15:30:01.124884+00:00,carbon_intensity,ok,1.1,
2026-07-08T15:30:03.494958+00:00,neso,ok,2.4,
2026-07-08T15:30:03.832805+00:00,elexon,ok,0.3,
2026-07-08T16:00:01.139615+00:00,carbon_intensity,ok,1.1,
2026-07-08T16:00:02.888911+00:00,neso,ok,1.7,
2026-07-08T16:00:03.327721+00:00,elexon,ok,0.4,
2026-07-08T16:47:35.453409+00:00,carbon_intensity,ok,1.5,
2026-07-08T16:47:36.018746+00:00,neso,ok,0.6,
2026-07-08T16:47:37.235450+00:00,elexon,ok,1.2,
2026-07-08T17:30:22.232523+00:00,carbon_intensity,ok,1.3,
2026-07-08T17:30:23.058545+00:00,neso,ok,0.8,
2026-07-08T17:30:23.413313+00:00,elexon,ok,0.4,
2026-07-08T18:00:01.819091+00:00,carbon_intensity,ok,1.8,
2026-07-08T18:00:03.112264+00:00,neso,ok,1.3,
2026-07-08T18:00:03.749086+00:00,elexon,ok,0.6,
2026-07-08T18:30:01.961721+00:00,carbon_intensity,ok,1.9,
2026-07-08T18:30:03.465822+00:00,neso,ok,1.5,
2026-07-08T18:30:03.992768+00:00,elexon,ok,0.5,
